ID,Name,Surname,PhoneNumber,email
1,Viktor,Kyznecov,79991684569,Serikov@yandex.ru
2,Viktor,Mamontov,79115554844,Mamontov@rambler.ru
3,Yuliya,Shagal,79152265606,Serikov@rambler.ru
4,Yuliya,Sidorov,79984892922,Sidorov@rambler.ru
5,Roman,Kokarev,79793089965,Petrov@yandex.ru
6,Avgustin,Shagal,79803566386,Serikov@yandex.ru
7,Roman,Popov,79018486888,Popov@gmail.com
8,Yuliya,Shagal,79340809553,Shagal@yandex.ru
9,Anna,Ivanov,79565091279,Petrov@yandex.ru
10,Marina,Petrov,79118233019,Sidorov@gmail.com
11,Yuliya,Kyznecov,79163557947,Kyznecov@rambler.ru
12,Nataliya,Serikov,79095694724,Shagal@yandex.ru
13,Inna,Mamontov,79510205262,Ivanov@gmail.com
14,Inna,Mamontov,79010124095,Popov@yandex.ru
15,Inna,Petrov,79968050334,Mamontov@gmail.com
16,Polina,Mamontov,79830979401,Sidorov@gmail.com
17,Nataliya,Ivanov,79803592286,Serikov@rambler.ru
18,Avgustin,Serikov,79691290249,Petrov@rambler.ru
19,Roman,Sidorov,79696481858,Kyznecov@rambler.ru
20,Roman,Petrov,79978642570,Kyznecov@gmail.com
21,Nataliya,Ivanov,79634531178,Serikov@yandex.ru
22,Marina,Serikov,79344800704,Petrov@yandex.ru
23,Avgustin,Shagal,79202677298,Ivanov@yandex.ru
24,Anton,Sidorov,79982232436,Shagal@rambler.ru
25,Igor,Sidorov,79623672926,Kokarev@yandex.ru
26,Viktor,Mamontov,79379374401,Kyznecov@yandex.ru
27,Roman,Petrov,79822474712,Serikov@yandex.ru
28,Viktor,Popov,79497840958,Popov@gmail.com
29,Avgustin,Popov,79052556300,Kyznecov@yandex.ru
30,Igor,Kokarev,79733292991,Petrov@rambler.ru
31,Viktor,Kyznecov,79495473542,Kyznecov@gmail.com
32,Igor,Kokarev,79067269823,Mamontov@rambler.ru
33,Igor,Serikov,79635729053,Kokarev@gmail.com
34,Marina,Shagal,79950076780,Sidorov@rambler.ru
35,Avgustin,Serikov,79420064032,Mamontov@gmail.com
36,Yuliya,Kokarev,79522915997,Popov@rambler.ru
37,Polina,Shagal,79214193448,Kyznecov@yandex.ru
38,Nataliya,Popov,79076278396,Popov@yandex.ru
39,Avgustin,Popov,79861392329,Kokarev@yandex.ru
40,Anna,Shagal,79955748974,Serikov@rambler.ru
41,Anna,Mamontov,79657533282,Shagal@yandex.ru
42,Igor,Kyznecov,79340338525,Kokarev@rambler.ru
43,Igor,Petrov,79611166913,Kokarev@yandex.ru
44,Viktor,Shagal,79366209867,Kokarev@rambler.ru
45,Yuliya,Shagal,79063325978,Popov@gmail.com
46,Viktor,Shagal,79736503867,Kyznecov@rambler.ru
47,Inna,Ivanov,79724466227,Ivanov@yandex.ru
48,Polina,Shagal,79682193828,Shagal@rambler.ru
49,Inna,Popov,79606305040,Ivanov@yandex.ru
50,Viktor,Petrov,79070782950,Popov@yandex.ru
51,Nataliya,Sidorov,79105591061,Kokarev@gmail.com
52,Polina,Kyznecov,79531182086,Mamontov@gmail.com
53,Polina,Kyznecov,79216321217,Mamontov@yandex.ru
54,Viktor,Mamontov,79198406557,Sidorov@yandex.ru
55,Viktor,Ivanov,79472109557,Kyznecov@gmail.com
56,Yuliya,Ivanov,79123741065,Shagal@yandex.ru
57,Igor,Popov,79432402338,Sidorov@rambler.ru
58,Viktor,Ivanov,79522344138,Kokarev@yandex.ru
59,Anna,Petrov,79532377523,Petrov@rambler.ru
60,Roman,Mamontov,79821743522,Popov@yandex.ru
61,Yuliya,Kokarev,79870491017,Popov@yandex.ru
62,Avgustin,Kokarev,79232895406,Popov@rambler.ru
63,Avgustin,Kokarev,79602856906,Mamontov@gmail.com
64,Marina,Serikov,79209599270,Popov@rambler.ru
65,Viktor,Sidorov,79223827531,Kyznecov@yandex.ru
66,Yuliya,Kyznecov,79341673451,Kyznecov@yandex.ru
67,Polina,Shagal,79709337778,Petrov@gmail.com
68,Avgustin,Ivanov,79907895193,Sidorov@gmail.com
69,Roman,Petrov,79788026277,Kyznecov@yandex.ru
70,Polina,Sidorov,79351484386,Popov@yandex.ru
71,Anna,Popov,79632599225,Mamontov@yandex.ru
72,Polina,Sidorov,79611388473,Sidorov@yandex.ru
73,Marina,Petrov,79936163862,Petrov@yandex.ru
74,Anton,Petrov,79858731495,Ivanov@gmail.com
75,Marina,Ivanov,79812382239,Ivanov@rambler.ru
76,Anton,Ivanov,79115540066,Ivanov@yandex.ru
77,Viktor,Popov,79749797810,Popov@gmail.com
78,Anna,Sidorov,79585920165,Popov@gmail.com
79,Polina,Kokarev,79214324813,Sidorov@yandex.ru
80,Yuliya,Shagal,79175579924,Serikov@yandex.ru
81,Polina,Ivanov,79004962222,Petrov@rambler.ru
82,Anna,Popov,79434348990,Serikov@rambler.ru
83,Anton,Sidorov,79491567628,Serikov@gmail.com
84,Roman,Serikov,79412220769,Ivanov@gmail.com
85,Yuliya,Kokarev,79781932466,Shagal@rambler.ru
86,Avgustin,Serikov,79472776908,Petrov@gmail.com
87,Marina,Kokarev,79600952860,Petrov@gmail.com
88,Anton,Sidorov,79002019292,Kyznecov@gmail.com
89,Nataliya,Kokarev,79439161739,Ivanov@gmail.com
90,Nataliya,Petrov,79479807978,Serikov@yandex.ru
91,Roman,Kyznecov,79525703746,Ivanov@rambler.ru
92,Yuliya,Kyznecov,79663980930,Kyznecov@gmail.com
93,Nataliya,Ivanov,79413381014,Serikov@yandex.ru
94,Nataliya,Sidorov,79363843959,Serikov@gmail.com
95,Roman,Serikov,79150372681,Sidorov@rambler.ru
96,Igor,Shagal,79583372217,Popov@yandex.ru
97,Viktor,Kyznecov,79719179769,Sidorov@gmail.com
98,Anna,Serikov,79770815515,Ivanov@yandex.ru
99,Yuliya,Popov,79129897331,Mamontov@rambler.ru
100,Avgustin,Petrov,79009587072,Sidorov@rambler.ru
